view,camera,landmark,frames,mean_displacement_px,median_displacement_px,p95_displacement_px,max_displacement_px,max_displacement_frame_index,mean_dx_px,mean_dy_px,original_mean_likelihood,edited_mean_likelihood,mean_likelihood_change,likelihood_cutoff,original_frames_below_cutoff,edited_frames_below_cutoff
1,1,right_knee,60,0.37372899735442405,0.3299129191281397,0.8042374101571989,0.8855313736395359,10,-0.3144829999999956,-0.11740066666667417,0.9688484876666668,0.9515609738333333,-0.017287513833333334,0.8,0,0
1,1,right_heel,60,0.45724016642656196,0.42036295737791685,0.9655254726762023,1.1268535778884412,36,-0.1202540000000018,0.22081883333332447,0.9880211293333333,0.9752153818333333,-0.012805747499999997,0.8,0,0
1,1,right_foot_index,60,1.5931890743785815,1.494038407188388,2.6983198842853025,3.810494986533868,14,0.5212320000000015,-0.8097198333333286,0.9928577493333333,0.9605165066666667,-0.032341242666666666,0.8,0,0
1,1,right_ankle,60,2.5466769585163145,2.5268998776911893,3.6682354379116253,4.268625820753045,21,-1.5060445000000007,-1.5049978333333305,0.9736584759999999,0.8476632624999998,-0.1259952135,0.8,0,12
2,4,right_knee,60,0.1511451051450914,0.1171553532685948,0.3639522026247414,0.6142856876894136,13,-0.03895433333333453,-0.0710023333333235,0.9174140729999999,0.9087580063333333,-0.008656066666666674,0.8,0,0
2,4,right_foot_index,60,15.391524654455111,5.461770490736697,106.53189760460883,113.16729699895463,53,14.25527733333333,4.915017833333334,0.9759397856666667,0.5419401668333333,-0.4339996188333333,0.8,0,51
2,4,right_ankle,60,0.34713743964094806,0.32629344980274966,0.608162849353653,0.9981933079819404,15,0.09950633333333675,0.14008850000000167,0.9729478611666665,0.967988234,-0.004959627166666667,0.8,0,0
3,5,right_knee,60,0.4400482469133423,0.4472106678888661,0.751369269841653,0.9463977229473152,33,0.210574333333336,-0.37238583333333203,0.9334213495000001,0.9226450928333333,-0.010776256666666676,0.8,0,0
3,5,right_heel,60,0.8524523914250985,0.9006925736226907,1.3393025531728964,2.4069190946934573,28,-0.49078866666666554,0.520995499999998,0.9743602563333335,0.9892182253333334,0.014857969,0.8,0,0
3,5,right_ankle,60,0.5175088614084612,0.4518366757251048,0.9617488131334361,1.0505468004805787,2,0.23363066666666346,0.32746666666666896,0.9958073711666666,0.9990328113333333,0.0032254401666666653,0.8,0,0
4,6,right_knee,60,0.3972394507728728,0.3545699080404912,0.7120479378822894,0.891141108972081,57,0.1732704999999972,0.2540903333333271,0.9448612781666665,0.9323427126666668,-0.012518565500000006,0.8,0,0
4,6,right_heel,60,0.9001159394900854,0.8615889620328769,1.7561510700502505,2.2994681361784357,1,-0.5080030000000003,-0.03999650000000656,0.9889431703333333,0.9535109140000001,-0.03543225633333334,0.8,0,0
4,6,right_foot_index,60,2.546275170995965,2.442646825281125,4.62110941475875,7.6109902832745755,5,2.2365258333333364,-0.3026760000000176,0.9572069083333333,0.9169113771666666,-0.04029553116666668,0.8,0,0
4,6,right_ankle,60,2.7822703006924225,2.751365268652236,4.284153607830807,5.599375307442815,3,-1.5889910000000051,-2.0994226666666633,0.9564826643333332,0.8758369033333334,-0.08064576099999998,0.8,0,9
