view,camera,landmark,frame_index,original_x,original_y,edited_x,edited_y,dx_px,dy_px,displacement_px,original_likelihood,edited_likelihood,likelihood_change
2,4,right_foot_index,53,340.7736,873.7133,452.56024,891.3367,111.78664000000003,17.623399999999947,113.16729699895463,0.98769504,0.4955315,-0.49216353999999995
2,4,right_foot_index,15,336.75018,870.1154,444.70496,899.6524,107.95478000000003,29.53699999999992,111.92260224748351,0.932648,0.41102126,-0.5216267400000001
2,4,right_foot_index,57,341.33688,865.40375,441.05823,905.53546,99.72134999999997,40.13171,107.49372908847565,0.9440287,0.5065582,-0.4374705000000001
2,4,right_foot_index,16,337.06183,869.0766,437.28333,905.0476,100.22149999999999,35.971000000000004,106.48127489493163,0.94698584,0.4145104,-0.53247544
2,4,right_foot_index,55,340.3747,869.7011,440.84583,902.3555,100.47112999999996,32.65440000000001,105.64448780147923,0.9846582,0.3958626,-0.5887956000000001
2,4,right_foot_index,56,340.89145,867.2659,435.95526,905.37646,95.06380999999999,38.110559999999964,102.41846881900595,0.97439533,0.5184939,-0.45590143000000005
2,4,right_foot_index,29,333.9764,873.06396,342.97916,876.47955,9.002759999999967,3.4155900000000656,9.628911811087473,1.0,0.93587,-0.06413000000000002
2,4,right_foot_index,38,329.68878,900.2219,338.1296,904.4374,8.440819999999974,4.21550000000002,9.434928856244742,0.9767239,0.28258592,-0.69413798
2,4,right_foot_index,33,326.39526,891.46387,335.02808,894.35156,8.632819999999981,2.887689999999907,9.102984932894216,0.97125214,0.5751101,-0.3961420400000001
2,4,right_foot_index,34,326.60785,893.1314,334.62045,895.7608,8.01260000000002,2.6294000000000324,8.433000837187228,0.95012873,0.38561282,-0.5645159099999999
2,4,right_foot_index,35,326.61603,893.1481,334.617,895.78284,8.000969999999995,2.634739999999965,8.423620113021464,0.9493758,0.3911941,-0.5581817
2,4,right_foot_index,31,328.8176,885.155,336.71335,887.1956,7.895749999999964,2.0406000000000404,8.155177277196346,0.9689784,0.43815273,-0.53082567
2,4,right_foot_index,37,329.4895,897.88336,336.42242,901.7618,6.932919999999967,3.878439999999955,7.944034023089226,0.9672333,0.3700942,-0.5971390999999999
2,4,right_foot_index,32,327.03952,888.23596,334.53433,890.102,7.4948100000000295,1.8660399999999981,7.723618466606208,0.9306602,0.54970556,-0.38095464
4,6,right_foot_index,5,404.4145,879.8269,412.02365,879.99426,7.60915,0.1673600000000306,7.6109902832745755,0.92709863,0.8360048,-0.09109383000000004
2,4,right_foot_index,36,328.56158,895.45215,335.464,898.5464,6.902420000000006,3.094249999999988,7.564243843167671,0.961668,0.42964277,-0.5320252299999999
2,4,right_foot_index,39,333.25284,901.9102,339.61896,905.1485,6.3661200000000235,3.238299999999981,7.142413509759861,1.0,0.35306373,-0.64693627
2,4,right_foot_index,4,331.38467,893.6743,337.5631,896.99384,6.178429999999992,3.319539999999961,7.013725335119678,1.0,0.64530385,-0.35469615
2,4,right_foot_index,28,335.64752,868.12476,342.24884,870.4458,6.601319999999987,2.3210399999999254,6.997474717639177,0.98147917,0.88546175,-0.09601741999999991
2,4,right_foot_index,0,330.46133,899.0839,336.61105,901.98566,6.149720000000002,2.901760000000081,6.799946115668895,0.99089044,0.37261632,-0.61827412
